Litera,Alifatyczne,Zasadowe,Siarkowe,Lminokwasy,Kwasowe,Amidy,Aromatyczne,Grupa_OH,Universal
A,1,0,0,0,0,0,0,0,0.61
R,0,1,0,0,0,0,0,0,0.26
D,0,0,0,0,1,0,0,0,0
N,0,0,0,0,0,1,0,0,0.17
C,0,0,1,0,0,0,0,0,0.67
F,0,0,0,0,0,0,1,0,1
G,1,0,0,0,0,0,0,0,0.35
E,0,0,0,0,1,0,0,0,0.15
Q,0,0,0,0,0,1,0,0,0.29
H,0,1,0,0,0,0,0,0,0.40
L,1,0,0,0,0,0,0,0,0.98
I,1,0,0,0,0,0,0,0,0.99
K,0,1,0,0,0,0,0,0,0.20
M,0,0,1,0,0,0,0,0,0.83
P,0,0,0,1,0,0,0,0,0.95
S,1,0,0,0,0,0,0,1,0.32
T,1,0,0,0,0,0,0,1,0.44
W,0,0,0,0,0,0,1,0,0.98
Y,0,0,0,0,0,0,1,1,0.76
V,1,0,0,0,0,0,0,0,0.85
